{"flutter":{"platforms":{"android":{"default":{"projectId":"justice-b9f4a","appId":"1:929440554591:android:c72118c0e817b4c72445ea","fileOutput":"android/app/google-services.json"}},"dart":{"lib/firebase_options.dart":{"projectId":"justice-b9f4a","configurations":{"android":"1:929440554591:android:c72118c0e817b4c72445ea","ios":"1:929440554591:ios:fd4c5306fac38ede2445ea","macos":"1:929440554591:ios:fd4c5306fac38ede2445ea","web":"1:929440554591:web:7c1f95cd5a0d24e62445ea","windows":"1:929440554591:web:bb0dc04dbdf6d9512445ea"}}}}}}